epoch,time,train/box_loss,train/cls_loss,train/dfl_loss,metrics/precision(B),metrics/recall(B),metrics/mAP50(B),metrics/mAP50-95(B),val/box_loss,val/cls_loss,val/dfl_loss,lr/pg0,lr/pg1,lr/pg2,lr/pg3,lr/pg4,lr/pg5,lr/pg6,lr/pg7
1,64.2861,3.90871,9.55134,4.18491,0.89211,0.00229,0.00031,8e-05,3.55199,19.0557,3.78695,0.0099697,0.00332323,0.0099697,0.00332323,0.0099697,0.00332323,0.0099697,0.00332323
2,105.099,3.51743,5.06274,3.35338,0.0016,0.02698,0.00031,0.00013,3.26934,6.49401,3.45793,0.0199038,0.0066346,0.0199038,0.0066346,0.0199038,0.0066346,0.0199038,0.0066346
3,146.199,3.31332,4.29313,2.93888,0.27441,0.00951,0.00303,0.00077,3.24727,6.99708,2.69454,0.0297719,0.00992397,0.0297719,0.00992397,0.0297719,0.00992397,0.0297719,0.00992397
4,186.896,3.23739,4.19157,2.78609,0.46287,0.03217,0.01384,0.00334,3.29334,8.67587,2.58298,0.029703,0.009901,0.029703,0.009901,0.029703,0.009901,0.029703,0.009901
5,226.787,3.06257,4.02212,2.60017,0.26375,0.03987,0.01973,0.0075,3.10863,5.49227,2.39093,0.029604,0.009868,0.029604,0.009868,0.029604,0.009868,0.029604,0.009868
6,267.275,2.98928,3.92323,2.50682,0.51201,0.03647,0.02223,0.00746,3.01811,8.70594,2.4053,0.029505,0.009835,0.029505,0.009835,0.029505,0.009835,0.029505,0.009835
7,306.918,2.93029,3.83816,2.3795,0.75054,0.06114,0.05242,0.01767,3.08172,5.04599,2.24588,0.029406,0.009802,0.029406,0.009802,0.029406,0.009802,0.029406,0.009802
8,346.376,2.83647,3.79077,2.34337,0.735,0.09658,0.06208,0.02216,2.94404,5.29775,2.14883,0.029307,0.009769,0.029307,0.009769,0.029307,0.009769,0.029307,0.009769
9,387.26,2.77576,3.70836,2.28664,0.84312,0.08086,0.06098,0.02249,2.88451,4.17662,2.06293,0.029208,0.009736,0.029208,0.009736,0.029208,0.009736,0.029208,0.009736
10,428.241,2.73312,3.64255,2.21625,0.76719,0.11259,0.06548,0.02371,2.92743,4.293,2.0676,0.029109,0.009703,0.029109,0.009703,0.029109,0.009703,0.029109,0.009703
11,467.964,2.67203,3.57361,2.21299,0.80146,0.09537,0.08373,0.03167,2.86226,4.31642,2.05469,0.02901,0.00967,0.02901,0.00967,0.02901,0.00967,0.02901,0.00967
12,508.352,2.62612,3.51572,2.13275,0.65636,0.11542,0.08399,0.0365,2.76904,4.25844,1.98517,0.028911,0.009637,0.028911,0.009637,0.028911,0.009637,0.028911,0.009637
13,548.307,2.61607,3.4836,2.13015,0.55476,0.13795,0.08428,0.03255,2.79373,3.87184,1.97732,0.028812,0.009604,0.028812,0.009604,0.028812,0.009604,0.028812,0.009604
14,588.652,2.56101,3.39324,2.08967,0.90317,0.09448,0.09822,0.04228,2.74719,3.98791,1.99633,0.028713,0.009571,0.028713,0.009571,0.028713,0.009571,0.028713,0.009571
15,629.355,2.53894,3.32412,2.06154,0.81188,0.13088,0.12466,0.05311,2.75301,3.79262,1.92045,0.028614,0.009538,0.028614,0.009538,0.028614,0.009538,0.028614,0.009538
16,670.193,2.51873,3.2668,2.01959,0.89112,0.09719,0.12548,0.05458,2.65384,3.9319,1.87132,0.028515,0.009505,0.028515,0.009505,0.028515,0.009505,0.028515,0.009505
17,710.932,2.48042,3.26879,1.99725,0.80472,0.12105,0.12003,0.0578,2.64727,3.62857,1.85547,0.028416,0.009472,0.028416,0.009472,0.028416,0.009472,0.028416,0.009472
18,752.492,2.47481,3.17719,1.97788,0.91873,0.10114,0.12633,0.05878,2.67122,4.55673,1.89386,0.028317,0.009439,0.028317,0.009439,0.028317,0.009439,0.028317,0.009439
19,793.441,2.42852,3.16812,1.97294,0.59434,0.15968,0.13047,0.06399,2.62648,3.87735,1.86515,0.028218,0.009406,0.028218,0.009406,0.028218,0.009406,0.028218,0.009406
20,833.267,2.43275,3.18933,1.93805,0.83125,0.12927,0.15352,0.08031,2.5511,3.61519,1.78539,0.028119,0.009373,0.028119,0.009373,0.028119,0.009373,0.028119,0.009373
21,875.373,2.41352,3.10942,1.91852,0.71471,0.17593,0.13039,0.06464,2.5806,3.70478,1.79032,0.02802,0.00934,0.02802,0.00934,0.02802,0.00934,0.02802,0.00934
22,916.114,2.39942,3.07882,1.90145,0.7904,0.1358,0.15314,0.07997,2.5735,3.726,1.82334,0.027921,0.009307,0.027921,0.009307,0.027921,0.009307,0.027921,0.009307
23,956.751,2.36467,3.05415,1.89993,0.83597,0.14645,0.16074,0.0807,2.48162,3.78434,1.7796,0.027822,0.009274,0.027822,0.009274,0.027822,0.009274,0.027822,0.009274
24,998.329,2.34548,3.06347,1.89185,0.73496,0.14665,0.15329,0.07109,2.54403,3.5931,1.77427,0.027723,0.009241,0.027723,0.009241,0.027723,0.009241,0.027723,0.009241
25,1038.43,2.30475,2.97989,1.85526,0.85172,0.15477,0.16501,0.08774,2.5153,3.54936,1.76516,0.027624,0.009208,0.027624,0.009208,0.027624,0.009208,0.027624,0.009208
26,1079.28,2.32705,2.97496,1.85644,0.69018,0.17554,0.15918,0.07765,2.54114,3.5287,1.74326,0.027525,0.009175,0.027525,0.009175,0.027525,0.009175,0.027525,0.009175
27,1120.71,2.29752,2.96216,1.84067,0.8725,0.1417,0.17497,0.08766,2.50014,3.38431,1.73522,0.027426,0.009142,0.027426,0.009142,0.027426,0.009142,0.027426,0.009142
28,1162.44,2.29341,2.95793,1.82779,0.85803,0.16431,0.18411,0.09809,2.46454,3.35243,1.70875,0.027327,0.009109,0.027327,0.009109,0.027327,0.009109,0.027327,0.009109
29,1203.45,2.30139,2.9327,1.83738,0.60397,0.19535,0.17798,0.0937,2.49531,3.27302,1.75191,0.027228,0.009076,0.027228,0.009076,0.027228,0.009076,0.027228,0.009076
30,1244.57,2.25114,2.87798,1.79322,0.85615,0.14596,0.17527,0.09685,2.44317,3.42758,1.68422,0.027129,0.009043,0.027129,0.009043,0.027129,0.009043,0.027129,0.009043
31,1285.78,2.24701,2.90699,1.80388,0.57574,0.18128,0.17348,0.09244,2.51604,3.39505,1.74684,0.02703,0.00901,0.02703,0.00901,0.02703,0.00901,0.02703,0.00901
32,1326.35,2.26177,2.84164,1.78749,0.69451,0.1612,0.17158,0.08999,2.45668,3.39957,1.7448,0.026931,0.008977,0.026931,0.008977,0.026931,0.008977,0.026931,0.008977
33,1367.24,2.23926,2.86758,1.7897,0.47279,0.21881,0.19195,0.10062,2.4342,3.22563,1.68337,0.026832,0.008944,0.026832,0.008944,0.026832,0.008944,0.026832,0.008944
34,1408.06,2.25144,2.84796,1.75775,0.57386,0.20516,0.19488,0.10726,2.4528,3.17231,1.66809,0.026733,0.008911,0.026733,0.008911,0.026733,0.008911,0.026733,0.008911
35,1449.25,2.23211,2.79108,1.75347,0.5555,0.21576,0.19073,0.098,2.4163,3.24762,1.65979,0.026634,0.008878,0.026634,0.008878,0.026634,0.008878,0.026634,0.008878
36,1490.43,2.22174,2.81384,1.76292,0.58516,0.19024,0.19446,0.10579,2.45464,3.20854,1.6856,0.026535,0.008845,0.026535,0.008845,0.026535,0.008845,0.026535,0.008845
37,1530.28,2.20127,2.78461,1.7399,0.53713,0.21441,0.19436,0.10268,2.42584,3.16943,1.67173,0.026436,0.008812,0.026436,0.008812,0.026436,0.008812,0.026436,0.008812
38,1571.41,2.19471,2.77803,1.74773,0.61706,0.19604,0.19549,0.1068,2.38843,3.2423,1.66243,0.026337,0.008779,0.026337,0.008779,0.026337,0.008779,0.026337,0.008779
39,1612.52,2.20206,2.75059,1.73052,0.54536,0.21451,0.20426,0.11106,2.42211,3.09262,1.66721,0.026238,0.008746,0.026238,0.008746,0.026238,0.008746,0.026238,0.008746
40,1652.91,2.19134,2.79692,1.73562,0.61027,0.20398,0.19959,0.10714,2.44839,3.04671,1.64145,0.026139,0.008713,0.026139,0.008713,0.026139,0.008713,0.026139,0.008713
41,1693.67,2.17601,2.7259,1.72209,0.53493,0.25069,0.20146,0.10696,2.39587,3.15114,1.64439,0.02604,0.00868,0.02604,0.00868,0.02604,0.00868,0.02604,0.00868
42,1734.19,2.17744,2.7296,1.73371,0.52031,0.22868,0.20994,0.11532,2.35902,3.13286,1.62619,0.025941,0.008647,0.025941,0.008647,0.025941,0.008647,0.025941,0.008647
43,1775.31,2.16835,2.7166,1.71315,0.77007,0.20801,0.22435,0.11967,2.31633,3.00429,1.59796,0.025842,0.008614,0.025842,0.008614,0.025842,0.008614,0.025842,0.008614
44,1816.39,2.15381,2.67573,1.69967,0.57189,0.21499,0.21747,0.11873,2.37201,3.00716,1.60721,0.025743,0.008581,0.025743,0.008581,0.025743,0.008581,0.025743,0.008581
45,1857.46,2.14789,2.70993,1.70662,0.61758,0.20661,0.20914,0.11479,2.3896,3.00382,1.62769,0.025644,0.008548,0.025644,0.008548,0.025644,0.008548,0.025644,0.008548
46,1899.3,2.13746,2.65764,1.70458,0.53574,0.23105,0.20358,0.11534,2.34117,2.99529,1.60683,0.025545,0.008515,0.025545,0.008515,0.025545,0.008515,0.025545,0.008515
47,1941.54,2.12116,2.66381,1.68661,0.62581,0.23962,0.22961,0.12366,2.33055,2.98661,1.58414,0.025446,0.008482,0.025446,0.008482,0.025446,0.008482,0.025446,0.008482
48,1984,2.1442,2.68343,1.68493,0.61343,0.22342,0.22523,0.1246,2.35771,2.98351,1.59835,0.025347,0.008449,0.025347,0.008449,0.025347,0.008449,0.025347,0.008449
49,2024.43,2.14892,2.65264,1.67805,0.49705,0.2525,0.22622,0.12416,2.34273,2.99315,1.56471,0.025248,0.008416,0.025248,0.008416,0.025248,0.008416,0.025248,0.008416
50,2066,2.12066,2.63076,1.67951,0.57472,0.22931,0.23051,0.12721,2.33157,2.92675,1.59617,0.025149,0.008383,0.025149,0.008383,0.025149,0.008383,0.025149,0.008383
51,2107.31,2.10763,2.60071,1.67946,0.52039,0.24402,0.23695,0.13551,2.30542,2.9805,1.59244,0.02505,0.00835,0.02505,0.00835,0.02505,0.00835,0.02505,0.00835
52,2148.32,2.09858,2.58131,1.67051,0.53786,0.23642,0.23025,0.12934,2.28584,2.95913,1.57074,0.024951,0.008317,0.024951,0.008317,0.024951,0.008317,0.024951,0.008317
53,2190.87,2.09778,2.60599,1.6678,0.50819,0.25562,0.2302,0.12981,2.29793,2.89974,1.56306,0.024852,0.008284,0.024852,0.008284,0.024852,0.008284,0.024852,0.008284
54,2232.18,2.09271,2.57261,1.67631,0.55955,0.25477,0.23585,0.12743,2.32159,2.9171,1.59898,0.024753,0.008251,0.024753,0.008251,0.024753,0.008251,0.024753,0.008251
55,2273.29,2.08995,2.54849,1.65162,0.54577,0.2534,0.23234,0.13225,2.30459,2.86552,1.56637,0.024654,0.008218,0.024654,0.008218,0.024654,0.008218,0.024654,0.008218
56,2315.17,2.10836,2.60152,1.66018,0.56745,0.24287,0.22803,0.12884,2.2742,2.93186,1.56483,0.024555,0.008185,0.024555,0.008185,0.024555,0.008185,0.024555,0.008185
57,2356.79,2.09319,2.58471,1.66084,0.59228,0.24821,0.22071,0.12314,2.3191,2.9422,1.5624,0.024456,0.008152,0.024456,0.008152,0.024456,0.008152,0.024456,0.008152
58,2396.99,2.0802,2.56582,1.63705,0.53842,0.24044,0.23149,0.1337,2.2879,2.85719,1.5611,0.024357,0.008119,0.024357,0.008119,0.024357,0.008119,0.024357,0.008119
59,2438.73,2.07959,2.55676,1.65211,0.53374,0.24219,0.23201,0.13253,2.29225,2.91031,1.54816,0.024258,0.008086,0.024258,0.008086,0.024258,0.008086,0.024258,0.008086
60,2479.56,2.0757,2.54829,1.6371,0.49458,0.26639,0.23847,0.13716,2.28922,2.82341,1.54281,0.024159,0.008053,0.024159,0.008053,0.024159,0.008053,0.024159,0.008053
61,2520.79,2.08107,2.55066,1.64286,0.51621,0.26067,0.24491,0.14401,2.28211,2.83453,1.53442,0.02406,0.00802,0.02406,0.00802,0.02406,0.00802,0.02406,0.00802
62,2562.21,2.04571,2.55487,1.62919,0.52807,0.26253,0.23843,0.13611,2.29043,2.82473,1.55205,0.023961,0.007987,0.023961,0.007987,0.023961,0.007987,0.023961,0.007987
63,2603.67,2.06166,2.51986,1.61824,0.51152,0.27059,0.24023,0.13844,2.25869,2.85066,1.54269,0.023862,0.007954,0.023862,0.007954,0.023862,0.007954,0.023862,0.007954
64,2645.53,2.04094,2.49187,1.60709,0.54107,0.25411,0.24704,0.14269,2.26108,2.81684,1.5365,0.023763,0.007921,0.023763,0.007921,0.023763,0.007921,0.023763,0.007921
65,2687.98,2.05749,2.49955,1.61678,0.50984,0.26718,0.23938,0.14207,2.23726,2.79024,1.52089,0.023664,0.007888,0.023664,0.007888,0.023664,0.007888,0.023664,0.007888
66,2728.64,2.04269,2.5082,1.61283,0.49631,0.26259,0.23329,0.13032,2.23904,2.78612,1.51917,0.023565,0.007855,0.023565,0.007855,0.023565,0.007855,0.023565,0.007855
67,2769.27,2.02573,2.44067,1.61326,0.51385,0.26687,0.24554,0.14491,2.26347,2.8362,1.52977,0.023466,0.007822,0.023466,0.007822,0.023466,0.007822,0.023466,0.007822
68,2811.12,2.03146,2.46562,1.6046,0.51524,0.27503,0.2493,0.1449,2.22904,2.7652,1.5175,0.023367,0.007789,0.023367,0.007789,0.023367,0.007789,0.023367,0.007789
69,2851.87,2.03557,2.46903,1.60827,0.52868,0.25894,0.25016,0.14511,2.21408,2.78116,1.52843,0.023268,0.007756,0.023268,0.007756,0.023268,0.007756,0.023268,0.007756
70,2893.01,2.0291,2.47044,1.60889,0.53802,0.27663,0.24661,0.14421,2.22006,2.74226,1.5082,0.023169,0.007723,0.023169,0.007723,0.023169,0.007723,0.023169,0.007723
71,2934.89,1.99478,2.41731,1.59571,0.57018,0.27023,0.25572,0.15288,2.24341,2.69971,1.51331,0.02307,0.00769,0.02307,0.00769,0.02307,0.00769,0.02307,0.00769
72,2975.64,2.01052,2.40918,1.58034,0.56761,0.27188,0.26029,0.1532,2.23485,2.66343,1.51004,0.022971,0.007657,0.022971,0.007657,0.022971,0.007657,0.022971,0.007657
73,3016.72,2.02629,2.45431,1.59772,0.4326,0.26962,0.2566,0.1553,2.2237,2.71616,1.52199,0.022872,0.007624,0.022872,0.007624,0.022872,0.007624,0.022872,0.007624
74,3059.27,2.0086,2.44146,1.59051,0.55786,0.26185,0.25407,0.15013,2.23033,2.70007,1.49936,0.022773,0.007591,0.022773,0.007591,0.022773,0.007591,0.022773,0.007591
75,3100.17,2.03796,2.48065,1.58927,0.5391,0.27981,0.25651,0.14917,2.23292,2.71724,1.49118,0.022674,0.007558,0.022674,0.007558,0.022674,0.007558,0.022674,0.007558
76,3143.18,2.00232,2.42474,1.58256,0.52335,0.2865,0.26238,0.15491,2.20071,2.6974,1.48849,0.022575,0.007525,0.022575,0.007525,0.022575,0.007525,0.022575,0.007525
77,3184.57,2.01785,2.43239,1.5961,0.55023,0.27768,0.25874,0.15308,2.18772,2.73673,1.49197,0.022476,0.007492,0.022476,0.007492,0.022476,0.007492,0.022476,0.007492
78,3225.74,2.00856,2.42555,1.57976,0.43205,0.2802,0.26079,0.15839,2.21222,2.71134,1.49218,0.022377,0.007459,0.022377,0.007459,0.022377,0.007459,0.022377,0.007459
79,3268.67,2.00138,2.40752,1.5667,0.41842,0.27851,0.25614,0.15045,2.26066,2.74864,1.52565,0.022278,0.007426,0.022278,0.007426,0.022278,0.007426,0.022278,0.007426
80,3309.47,2.00214,2.42042,1.59526,0.56302,0.28128,0.26525,0.15653,2.21676,2.71641,1.50881,0.022179,0.007393,0.022179,0.007393,0.022179,0.007393,0.022179,0.007393
81,3350.47,1.98635,2.36908,1.58083,0.53033,0.28771,0.2647,0.15867,2.19324,2.65149,1.48393,0.02208,0.00736,0.02208,0.00736,0.02208,0.00736,0.02208,0.00736
82,3391.35,1.98271,2.38019,1.56255,0.56876,0.28178,0.26754,0.1593,2.16381,2.65956,1.48474,0.021981,0.007327,0.021981,0.007327,0.021981,0.007327,0.021981,0.007327
83,3432.71,1.98253,2.39716,1.55801,0.54513,0.28846,0.26661,0.15881,2.18351,2.64337,1.48266,0.021882,0.007294,0.021882,0.007294,0.021882,0.007294,0.021882,0.007294
84,3474.22,1.99269,2.4091,1.57449,0.54665,0.28786,0.26534,0.16286,2.18653,2.6597,1.48123,0.021783,0.007261,0.021783,0.007261,0.021783,0.007261,0.021783,0.007261
85,3515.02,1.96856,2.38189,1.56778,0.56379,0.28162,0.27155,0.16173,2.21308,2.62561,1.48997,0.021684,0.007228,0.021684,0.007228,0.021684,0.007228,0.021684,0.007228
86,3556.47,1.95137,2.33889,1.54665,0.53764,0.28973,0.27228,0.16456,2.18874,2.62028,1.48432,0.021585,0.007195,0.021585,0.007195,0.021585,0.007195,0.021585,0.007195
87,3597.05,1.96127,2.31935,1.5273,0.53766,0.28719,0.26578,0.15847,2.19766,2.62466,1.49316,0.021486,0.007162,0.021486,0.007162,0.021486,0.007162,0.021486,0.007162
88,3638.99,1.95315,2.35743,1.55198,0.54935,0.28816,0.26491,0.15838,2.20924,2.60301,1.47574,0.021387,0.007129,0.021387,0.007129,0.021387,0.007129,0.021387,0.007129
89,3681.07,1.97752,2.3552,1.55284,0.54131,0.29827,0.27179,0.16459,2.1921,2.64095,1.47171,0.021288,0.007096,0.021288,0.007096,0.021288,0.007096,0.021288,0.007096
90,3722.47,1.94283,2.34242,1.53846,0.54489,0.29799,0.27228,0.16341,2.16122,2.59062,1.45947,0.021189,0.007063,0.021189,0.007063,0.021189,0.007063,0.021189,0.007063
91,3764.07,1.95405,2.3531,1.52847,0.54622,0.2924,0.27221,0.16644,2.17379,2.61745,1.47089,0.02109,0.00703,0.02109,0.00703,0.02109,0.00703,0.02109,0.00703
92,3804.85,1.94703,2.35082,1.53452,0.42635,0.29762,0.27288,0.16894,2.15591,2.55429,1.45383,0.020991,0.006997,0.020991,0.006997,0.020991,0.006997,0.020991,0.006997
93,3845.66,1.94165,2.34837,1.55073,0.45062,0.2963,0.28038,0.16842,2.15107,2.56424,1.45175,0.020892,0.006964,0.020892,0.006964,0.020892,0.006964,0.020892,0.006964
94,3886.61,1.95444,2.34184,1.53895,0.55319,0.3031,0.27749,0.16735,2.14987,2.58538,1.44768,0.020793,0.006931,0.020793,0.006931,0.020793,0.006931,0.020793,0.006931
95,3927.12,1.95624,2.31294,1.52184,0.56436,0.29448,0.27729,0.16783,2.14143,2.58554,1.43511,0.020694,0.006898,0.020694,0.006898,0.020694,0.006898,0.020694,0.006898
96,3968.88,1.94735,2.32385,1.5317,0.54433,0.30332,0.27531,0.16914,2.14679,2.58316,1.4421,0.020595,0.006865,0.020595,0.006865,0.020595,0.006865,0.020595,0.006865
97,4012.67,1.92983,2.30994,1.52545,0.57725,0.2962,0.28336,0.17175,2.15362,2.57667,1.44794,0.020496,0.006832,0.020496,0.006832,0.020496,0.006832,0.020496,0.006832
98,4054.72,1.92671,2.31322,1.53698,0.57378,0.30174,0.28038,0.16968,2.14236,2.57275,1.44954,0.020397,0.006799,0.020397,0.006799,0.020397,0.006799,0.020397,0.006799
99,4096.46,1.94021,2.30318,1.51763,0.5893,0.29827,0.28419,0.17057,2.15815,2.57187,1.451,0.020298,0.006766,0.020298,0.006766,0.020298,0.006766,0.020298,0.006766
100,4137.77,1.93075,2.28698,1.51403,0.45759,0.30983,0.28397,0.17043,2.14207,2.53936,1.45093,0.020199,0.006733,0.020199,0.006733,0.020199,0.006733,0.020199,0.006733
101,4178.54,1.95645,2.35863,1.51683,0.56011,0.30256,0.28587,0.17526,2.1384,2.54801,1.4526,0.0201,0.0067,0.0201,0.0067,0.0201,0.0067,0.0201,0.0067
102,4220.56,1.92478,2.27333,1.51629,0.57246,0.29579,0.28066,0.17261,2.15371,2.56654,1.45795,0.020001,0.006667,0.020001,0.006667,0.020001,0.006667,0.020001,0.006667
103,4262.75,1.91895,2.29968,1.52158,0.5561,0.29886,0.27776,0.1697,2.14864,2.56771,1.44605,0.019902,0.006634,0.019902,0.006634,0.019902,0.006634,0.019902,0.006634
104,4304.1,1.93685,2.27175,1.50356,0.5458,0.30378,0.28071,0.17224,2.14235,2.52825,1.4445,0.019803,0.006601,0.019803,0.006601,0.019803,0.006601,0.019803,0.006601
105,4345.9,1.90721,2.23319,1.49613,0.60998,0.28286,0.28028,0.17228,2.13664,2.51439,1.43619,0.019704,0.006568,0.019704,0.006568,0.019704,0.006568,0.019704,0.006568
106,4388.09,1.91241,2.26852,1.51105,0.58827,0.30097,0.2864,0.17245,2.13731,2.5095,1.43084,0.019605,0.006535,0.019605,0.006535,0.019605,0.006535,0.019605,0.006535
107,4429.9,1.92424,2.26458,1.51213,0.5995,0.29371,0.28785,0.17251,2.12041,2.51405,1.42774,0.019506,0.006502,0.019506,0.006502,0.019506,0.006502,0.019506,0.006502
108,4471.82,1.89529,2.25683,1.50727,0.56503,0.31106,0.28971,0.17494,2.12849,2.50808,1.43214,0.019407,0.006469,0.019407,0.006469,0.019407,0.006469,0.019407,0.006469
109,4513.05,1.90702,2.25815,1.50231,0.33512,0.3131,0.29203,0.17523,2.13031,2.53774,1.43488,0.019308,0.006436,0.019308,0.006436,0.019308,0.006436,0.019308,0.006436
110,4554.15,1.88707,2.20201,1.47295,0.46296,0.31617,0.29407,0.17897,2.12623,2.51076,1.42908,0.019209,0.006403,0.019209,0.006403,0.019209,0.006403,0.019209,0.006403
111,4596.26,1.90484,2.26854,1.51706,0.55507,0.32062,0.295,0.17971,2.12391,2.49929,1.42558,0.01911,0.00637,0.01911,0.00637,0.01911,0.00637,0.01911,0.00637
112,4637.42,1.88904,2.20714,1.48721,0.56867,0.31593,0.29517,0.18013,2.10912,2.47309,1.42446,0.019011,0.006337,0.019011,0.006337,0.019011,0.006337,0.019011,0.006337
113,4678.17,1.88959,2.19971,1.49471,0.57028,0.32016,0.29831,0.17776,2.12267,2.4874,1.43768,0.018912,0.006304,0.018912,0.006304,0.018912,0.006304,0.018912,0.006304
114,4720.41,1.88851,2.2142,1.48622,0.5652,0.32001,0.29393,0.17804,2.1252,2.48094,1.43465,0.018813,0.006271,0.018813,0.006271,0.018813,0.006271,0.018813,0.006271
115,4761.11,1.88853,2.22047,1.49356,0.57821,0.3253,0.29865,0.18059,2.10947,2.45798,1.42827,0.018714,0.006238,0.018714,0.006238,0.018714,0.006238,0.018714,0.006238
116,4802.02,1.89097,2.21836,1.47876,0.58967,0.31363,0.30121,0.18021,2.12198,2.47279,1.42943,0.018615,0.006205,0.018615,0.006205,0.018615,0.006205,0.018615,0.006205
117,4844.42,1.88798,2.21432,1.49539,0.58796,0.30959,0.30042,0.17945,2.13401,2.48299,1.4339,0.018516,0.006172,0.018516,0.006172,0.018516,0.006172,0.018516,0.006172
118,4886.1,1.87804,2.21366,1.49257,0.478,0.30884,0.30072,0.18032,2.12798,2.47913,1.42376,0.018417,0.006139,0.018417,0.006139,0.018417,0.006139,0.018417,0.006139
119,4927.53,1.89029,2.19895,1.48642,0.60368,0.30086,0.29872,0.1815,2.1254,2.47866,1.41906,0.018318,0.006106,0.018318,0.006106,0.018318,0.006106,0.018318,0.006106
120,4969.78,1.86923,2.17575,1.47791,0.57676,0.31603,0.29896,0.18427,2.12942,2.49272,1.42303,0.018219,0.006073,0.018219,0.006073,0.018219,0.006073,0.018219,0.006073
121,5010.29,1.88034,2.17844,1.46698,0.58874,0.3095,0.29956,0.18367,2.12554,2.48297,1.41794,0.01812,0.00604,0.01812,0.00604,0.01812,0.00604,0.01812,0.00604
122,5051.12,1.87628,2.18973,1.4746,0.57266,0.3179,0.29683,0.18354,2.12396,2.47944,1.42208,0.018021,0.006007,0.018021,0.006007,0.018021,0.006007,0.018021,0.006007
123,5092.27,1.86388,2.16182,1.4699,0.57081,0.31901,0.2998,0.18433,2.11539,2.46636,1.41935,0.017922,0.005974,0.017922,0.005974,0.017922,0.005974,0.017922,0.005974
124,5132.66,1.85761,2.15337,1.46822,0.57589,0.32522,0.30059,0.18544,2.11358,2.47219,1.41555,0.017823,0.005941,0.017823,0.005941,0.017823,0.005941,0.017823,0.005941
125,5173.66,1.86437,2.16467,1.47073,0.59202,0.32172,0.30139,0.18593,2.11155,2.4743,1.41456,0.017724,0.005908,0.017724,0.005908,0.017724,0.005908,0.017724,0.005908
126,5215.17,1.86643,2.14412,1.475,0.58758,0.32469,0.30563,0.18655,2.10834,2.49293,1.41737,0.017625,0.005875,0.017625,0.005875,0.017625,0.005875,0.017625,0.005875
127,5255.92,1.85224,2.16954,1.47392,0.57054,0.33326,0.30285,0.1853,2.10442,2.47049,1.41881,0.017526,0.005842,0.017526,0.005842,0.017526,0.005842,0.017526,0.005842
128,5296.88,1.85134,2.15975,1.46829,0.58315,0.32197,0.30349,0.18463,2.09914,2.44994,1.41106,0.017427,0.005809,0.017427,0.005809,0.017427,0.005809,0.017427,0.005809
129,5338.04,1.85997,2.18995,1.46739,0.58265,0.31794,0.30228,0.18381,2.09793,2.45733,1.40911,0.017328,0.005776,0.017328,0.005776,0.017328,0.005776,0.017328,0.005776
130,5379.07,1.85569,2.14611,1.46441,0.58924,0.31248,0.30203,0.18543,2.09646,2.45156,1.41123,0.017229,0.005743,0.017229,0.005743,0.017229,0.005743,0.017229,0.005743
131,5420.58,1.82971,2.12658,1.45682,0.58287,0.31923,0.30197,0.18273,2.10009,2.43944,1.40836,0.01713,0.00571,0.01713,0.00571,0.01713,0.00571,0.01713,0.00571
132,5463.53,1.82966,2.12448,1.45719,0.58704,0.31151,0.30401,0.1845,2.09546,2.42921,1.40801,0.017031,0.005677,0.017031,0.005677,0.017031,0.005677,0.017031,0.005677
133,5504.71,1.83711,2.12456,1.45831,0.58236,0.31238,0.30266,0.18443,2.09616,2.42977,1.40761,0.016932,0.005644,0.016932,0.005644,0.016932,0.005644,0.016932,0.005644
134,5546.74,1.83734,2.13601,1.46497,0.58883,0.3169,0.30217,0.18612,2.09673,2.43408,1.40722,0.016833,0.005611,0.016833,0.005611,0.016833,0.005611,0.016833,0.005611
135,5588.29,1.82554,2.11729,1.44332,0.59221,0.32028,0.30203,0.18816,2.09835,2.42554,1.40546,0.016734,0.005578,0.016734,0.005578,0.016734,0.005578,0.016734,0.005578
136,5629.26,1.84783,2.1093,1.44907,0.58055,0.32524,0.30374,0.1879,2.1028,2.42154,1.40364,0.016635,0.005545,0.016635,0.005545,0.016635,0.005545,0.016635,0.005545
137,5670.34,1.84243,2.11857,1.45703,0.48412,0.32323,0.30839,0.18814,2.10621,2.41847,1.40346,0.016536,0.005512,0.016536,0.005512,0.016536,0.005512,0.016536,0.005512
138,5712.46,1.83723,2.11933,1.44206,0.35641,0.3251,0.30487,0.18727,2.108,2.43005,1.40588,0.016437,0.005479,0.016437,0.005479,0.016437,0.005479,0.016437,0.005479
139,5753.11,1.82781,2.10746,1.4485,0.58371,0.32272,0.30627,0.18829,2.10621,2.42858,1.40399,0.016338,0.005446,0.016338,0.005446,0.016338,0.005446,0.016338,0.005446
140,5794.81,1.81421,2.0937,1.44361,0.46945,0.33482,0.3078,0.18938,2.10908,2.43144,1.40163,0.016239,0.005413,0.016239,0.005413,0.016239,0.005413,0.016239,0.005413
141,5836.34,1.83155,2.0959,1.44847,0.46443,0.33358,0.3059,0.18985,2.10959,2.42704,1.40185,0.01614,0.00538,0.01614,0.00538,0.01614,0.00538,0.01614,0.00538
142,5878.01,1.82999,2.08427,1.44288,0.47205,0.33347,0.30603,0.18866,2.11465,2.42024,1.40171,0.016041,0.005347,0.016041,0.005347,0.016041,0.005347,0.016041,0.005347
143,5920.38,1.8437,2.13043,1.44606,0.47837,0.32937,0.30806,0.18994,2.11882,2.4209,1.40119,0.015942,0.005314,0.015942,0.005314,0.015942,0.005314,0.015942,0.005314
144,5961.18,1.83656,2.07995,1.44015,0.36541,0.33223,0.30785,0.19122,2.1214,2.42679,1.40341,0.015843,0.005281,0.015843,0.005281,0.015843,0.005281,0.015843,0.005281
145,6002.88,1.82628,2.10955,1.44616,0.47018,0.334,0.30654,0.19069,2.11789,2.42927,1.40495,0.015744,0.005248,0.015744,0.005248,0.015744,0.005248,0.015744,0.005248
146,6044.23,1.81377,2.05302,1.44108,0.47233,0.33327,0.30798,0.1912,2.11849,2.42987,1.40395,0.015645,0.005215,0.015645,0.005215,0.015645,0.005215,0.015645,0.005215
147,6085.21,1.83107,2.09123,1.45212,0.46943,0.3309,0.30637,0.19229,2.11769,2.42658,1.40481,0.015546,0.005182,0.015546,0.005182,0.015546,0.005182,0.015546,0.005182
148,6126.53,1.8081,2.0626,1.42966,0.35744,0.33233,0.30654,0.19193,2.11577,2.43101,1.40345,0.015447,0.005149,0.015447,0.005149,0.015447,0.005149,0.015447,0.005149
149,6169.64,1.79639,2.06455,1.43292,0.3527,0.33346,0.30553,0.19276,2.11662,2.43165,1.40123,0.015348,0.005116,0.015348,0.005116,0.015348,0.005116,0.015348,0.005116
150,6210.4,1.81,2.06269,1.43878,0.45641,0.33687,0.30502,0.19239,2.11576,2.43162,1.40187,0.015249,0.005083,0.015249,0.005083,0.015249,0.005083,0.015249,0.005083
151,6252.04,1.81304,2.06248,1.42901,0.49261,0.3341,0.30909,0.19234,2.11408,2.4196,1.4017,0.01515,0.00505,0.01515,0.00505,0.01515,0.00505,0.01515,0.00505
152,6295.62,1.79558,2.04462,1.42529,0.505,0.33533,0.30801,0.19188,2.11593,2.4142,1.40229,0.015051,0.005017,0.015051,0.005017,0.015051,0.005017,0.015051,0.005017
153,6336.05,1.79797,2.03923,1.42117,0.46956,0.33566,0.30938,0.19293,2.11352,2.40923,1.4036,0.014952,0.004984,0.014952,0.004984,0.014952,0.004984,0.014952,0.004984
154,6376.97,1.80888,2.0379,1.42405,0.4627,0.34101,0.30948,0.19267,2.10781,2.40297,1.40364,0.014853,0.004951,0.014853,0.004951,0.014853,0.004951,0.014853,0.004951
155,6417.52,1.79511,2.04542,1.42893,0.48508,0.33278,0.30958,0.19347,2.10706,2.4012,1.40296,0.014754,0.004918,0.014754,0.004918,0.014754,0.004918,0.014754,0.004918
156,6458.12,1.808,2.02699,1.42148,0.46881,0.34341,0.30828,0.19364,2.10423,2.4021,1.40297,0.014655,0.004885,0.014655,0.004885,0.014655,0.004885,0.014655,0.004885
157,6499.45,1.79418,2.01796,1.43249,0.46165,0.3456,0.30858,0.19313,2.10368,2.39753,1.40083,0.014556,0.004852,0.014556,0.004852,0.014556,0.004852,0.014556,0.004852
158,6540.9,1.78199,2.00586,1.41934,0.35132,0.344,0.30706,0.19292,2.10153,2.39663,1.39931,0.014457,0.004819,0.014457,0.004819,0.014457,0.004819,0.014457,0.004819
159,6581.85,1.81792,2.03231,1.42191,0.33942,0.34276,0.3042,0.19204,2.10633,2.39697,1.40098,0.014358,0.004786,0.014358,0.004786,0.014358,0.004786,0.014358,0.004786
160,6625.27,1.79538,2.01462,1.42212,0.34596,0.3411,0.30449,0.19182,2.10567,2.39139,1.4,0.014259,0.004753,0.014259,0.004753,0.014259,0.004753,0.014259,0.004753
161,6667.91,1.79594,1.99238,1.41922,0.3423,0.34336,0.30443,0.1919,2.1073,2.39323,1.40137,0.01416,0.00472,0.01416,0.00472,0.01416,0.00472,0.01416,0.00472
162,6709.43,1.78489,2.04532,1.43165,0.34338,0.34615,0.30822,0.19392,2.10546,2.39466,1.40538,0.014061,0.004687,0.014061,0.004687,0.014061,0.004687,0.014061,0.004687
163,6752.1,1.75462,1.96989,1.39312,0.35382,0.3436,0.30933,0.19458,2.10552,2.39311,1.40518,0.013962,0.004654,0.013962,0.004654,0.013962,0.004654,0.013962,0.004654
164,6793.59,1.76389,1.99986,1.40979,0.35319,0.34007,0.30978,0.19455,2.10335,2.39375,1.40485,0.013863,0.004621,0.013863,0.004621,0.013863,0.004621,0.013863,0.004621
165,6833.79,1.78156,1.98807,1.41349,0.46875,0.33743,0.31052,0.19543,2.10052,2.38988,1.40195,0.013764,0.004588,0.013764,0.004588,0.013764,0.004588,0.013764,0.004588
166,6875.62,1.77542,1.99683,1.4082,0.46885,0.33938,0.31107,0.19536,2.09986,2.3823,1.40006,0.013665,0.004555,0.013665,0.004555,0.013665,0.004555,0.013665,0.004555
167,6917,1.7542,2.00326,1.40722,0.35721,0.34367,0.30828,0.19456,2.1008,2.37818,1.40012,0.013566,0.004522,0.013566,0.004522,0.013566,0.004522,0.013566,0.004522
168,6958.7,1.76599,1.99138,1.41197,0.46141,0.34283,0.30781,0.19499,2.10003,2.37614,1.39758,0.013467,0.004489,0.013467,0.004489,0.013467,0.004489,0.013467,0.004489
169,7000.14,1.74955,1.9973,1.40575,0.4639,0.34195,0.30928,0.19581,2.10059,2.37451,1.39689,0.013368,0.004456,0.013368,0.004456,0.013368,0.004456,0.013368,0.004456
170,7041.93,1.77784,1.99535,1.40669,0.46265,0.34106,0.31021,0.19565,2.10305,2.37562,1.39565,0.013269,0.004423,0.013269,0.004423,0.013269,0.004423,0.013269,0.004423
171,7083.68,1.77283,1.98081,1.39446,0.46359,0.34147,0.31229,0.19725,2.1019,2.37408,1.39552,0.01317,0.00439,0.01317,0.00439,0.01317,0.00439,0.01317,0.00439
172,7126.39,1.78492,1.98756,1.40709,0.46404,0.34097,0.31092,0.19798,2.10329,2.37027,1.39646,0.013071,0.004357,0.013071,0.004357,0.013071,0.004357,0.013071,0.004357
173,7167.33,1.74004,1.96025,1.39987,0.35243,0.34257,0.3092,0.19891,2.10336,2.37027,1.39923,0.012972,0.004324,0.012972,0.004324,0.012972,0.004324,0.012972,0.004324
174,7208.57,1.7403,1.95289,1.39749,0.57975,0.3399,0.31226,0.19911,2.10516,2.36958,1.39876,0.012873,0.004291,0.012873,0.004291,0.012873,0.004291,0.012873,0.004291
175,7250.25,1.76482,1.93209,1.39603,0.58329,0.33968,0.31339,0.20037,2.10545,2.36444,1.39673,0.012774,0.004258,0.012774,0.004258,0.012774,0.004258,0.012774,0.004258
176,7290.71,1.76153,1.95647,1.39727,0.47056,0.34089,0.31409,0.20139,2.10705,2.36208,1.39615,0.012675,0.004225,0.012675,0.004225,0.012675,0.004225,0.012675,0.004225
177,7331.97,1.75664,1.96902,1.40117,0.47365,0.34202,0.31459,0.20119,2.10503,2.35966,1.39515,0.012576,0.004192,0.012576,0.004192,0.012576,0.004192,0.012576,0.004192
178,7373.94,1.75247,1.94079,1.40208,0.47021,0.34332,0.31336,0.20167,2.10299,2.35827,1.39457,0.012477,0.004159,0.012477,0.004159,0.012477,0.004159,0.012477,0.004159
179,7416.93,1.73602,1.94019,1.40492,0.46982,0.34485,0.31377,0.20123,2.10276,2.3588,1.39342,0.012378,0.004126,0.012378,0.004126,0.012378,0.004126,0.012378,0.004126
180,7459.37,1.75063,1.93531,1.39705,0.46797,0.34356,0.31446,0.20153,2.1051,2.35806,1.39473,0.012279,0.004093,0.012279,0.004093,0.012279,0.004093,0.012279,0.004093
181,7501.44,1.7286,1.92516,1.39855,0.4724,0.34396,0.31503,0.20198,2.10351,2.35638,1.39481,0.01218,0.00406,0.01218,0.00406,0.01218,0.00406,0.01218,0.00406
182,7541.83,1.732,1.94049,1.39924,0.47003,0.34254,0.31506,0.2019,2.10337,2.3576,1.39576,0.012081,0.004027,0.012081,0.004027,0.012081,0.004027,0.012081,0.004027
183,7583.4,1.7418,1.94811,1.38519,0.47446,0.34279,0.31553,0.20252,2.10331,2.35543,1.39543,0.011982,0.003994,0.011982,0.003994,0.011982,0.003994,0.011982,0.003994
184,7624.21,1.73494,1.92797,1.37775,0.47184,0.34237,0.31489,0.20222,2.10182,2.35439,1.39338,0.011883,0.003961,0.011883,0.003961,0.011883,0.003961,0.011883,0.003961
185,7665.56,1.71135,1.91619,1.37852,0.56818,0.34294,0.31416,0.20257,2.09973,2.35294,1.39282,0.011784,0.003928,0.011784,0.003928,0.011784,0.003928,0.011784,0.003928
186,7706.95,1.72671,1.90563,1.37605,0.55946,0.34348,0.31508,0.20193,2.09916,2.35072,1.39252,0.011685,0.003895,0.011685,0.003895,0.011685,0.003895,0.011685,0.003895
187,7749.28,1.71379,1.87438,1.36997,0.55518,0.34137,0.31534,0.20255,2.09913,2.34963,1.39171,0.011586,0.003862,0.011586,0.003862,0.011586,0.003862,0.011586,0.003862
188,7791.52,1.73717,1.91352,1.38726,0.54667,0.34007,0.31502,0.20285,2.10003,2.34709,1.39164,0.011487,0.003829,0.011487,0.003829,0.011487,0.003829,0.011487,0.003829
189,7833.53,1.72424,1.89393,1.37159,0.53876,0.34197,0.31533,0.20374,2.10287,2.34683,1.39067,0.011388,0.003796,0.011388,0.003796,0.011388,0.003796,0.011388,0.003796
190,7875.03,1.71566,1.89883,1.37015,0.53533,0.34089,0.31462,0.20361,2.1031,2.34468,1.39104,0.011289,0.003763,0.011289,0.003763,0.011289,0.003763,0.011289,0.003763
191,7916.16,1.72137,1.90916,1.38091,0.41901,0.3414,0.31411,0.20357,2.10527,2.34447,1.39207,0.01119,0.00373,0.01119,0.00373,0.01119,0.00373,0.01119,0.00373
192,7958.01,1.71622,1.89244,1.37564,0.42075,0.34136,0.31527,0.20433,2.10682,2.34495,1.39169,0.011091,0.003697,0.011091,0.003697,0.011091,0.003697,0.011091,0.003697
193,7998.5,1.72532,1.89591,1.37922,0.42706,0.34272,0.31691,0.2047,2.10531,2.34308,1.3919,0.010992,0.003664,0.010992,0.003664,0.010992,0.003664,0.010992,0.003664
194,8038.7,1.739,1.90111,1.36706,0.42712,0.34447,0.31843,0.20404,2.10555,2.34258,1.39104,0.010893,0.003631,0.010893,0.003631,0.010893,0.003631,0.010893,0.003631
195,8080.78,1.73614,1.8928,1.37418,0.42647,0.34316,0.31726,0.2041,2.10566,2.33961,1.3917,0.010794,0.003598,0.010794,0.003598,0.010794,0.003598,0.010794,0.003598
196,8122.07,1.72069,1.87354,1.37035,0.42499,0.3443,0.31783,0.20421,2.1049,2.33718,1.39119,0.010695,0.003565,0.010695,0.003565,0.010695,0.003565,0.010695,0.003565
197,8162.92,1.70938,1.87899,1.37053,0.42762,0.34328,0.31735,0.20359,2.10544,2.33798,1.39051,0.010596,0.003532,0.010596,0.003532,0.010596,0.003532,0.010596,0.003532
198,8204.29,1.70357,1.86813,1.35787,0.43107,0.34298,0.31655,0.20411,2.1051,2.33643,1.38975,0.010497,0.003499,0.010497,0.003499,0.010497,0.003499,0.010497,0.003499
199,8246,1.70648,1.88126,1.36243,0.43598,0.34282,0.31636,0.20393,2.10599,2.33289,1.3898,0.010398,0.003466,0.010398,0.003466,0.010398,0.003466,0.010398,0.003466
200,8287.95,1.69278,1.84998,1.35915,0.43468,0.34285,0.31654,0.20474,2.10568,2.32975,1.39039,0.010299,0.003433,0.010299,0.003433,0.010299,0.003433,0.010299,0.003433
201,8330.46,1.66784,1.84591,1.35287,0.43208,0.34446,0.31702,0.20428,2.10706,2.33268,1.39114,0.0102,0.0034,0.0102,0.0034,0.0102,0.0034,0.0102,0.0034
202,8371.74,1.69176,1.82585,1.35878,0.42933,0.34476,0.31795,0.20454,2.10709,2.33114,1.39048,0.010101,0.003367,0.010101,0.003367,0.010101,0.003367,0.010101,0.003367
203,8412.83,1.7085,1.8585,1.36667,0.42937,0.34459,0.31673,0.20442,2.10531,2.32933,1.39002,0.010002,0.003334,0.010002,0.003334,0.010002,0.003334,0.010002,0.003334
204,8453.68,1.70088,1.85168,1.36983,0.43459,0.34501,0.31658,0.20446,2.10621,2.32962,1.39024,0.009903,0.003301,0.009903,0.003301,0.009903,0.003301,0.009903,0.003301
205,8494.94,1.70115,1.87394,1.36747,0.4844,0.3459,0.31724,0.20492,2.10624,2.32843,1.39084,0.009804,0.003268,0.009804,0.003268,0.009804,0.003268,0.009804,0.003268
206,8536.1,1.70897,1.84061,1.36363,0.48265,0.34665,0.31766,0.2044,2.10684,2.33027,1.39159,0.009705,0.003235,0.009705,0.003235,0.009705,0.003235,0.009705,0.003235
207,8579.08,1.68263,1.84725,1.36392,0.48596,0.34716,0.31996,0.2051,2.1052,2.32836,1.3914,0.009606,0.003202,0.009606,0.003202,0.009606,0.003202,0.009606,0.003202
208,8619.67,1.70259,1.84293,1.34973,0.48936,0.34696,0.31897,0.20467,2.10492,2.32931,1.39118,0.009507,0.003169,0.009507,0.003169,0.009507,0.003169,0.009507,0.003169
209,8662.81,1.68526,1.81596,1.35873,0.48479,0.34817,0.31888,0.20485,2.10389,2.32809,1.39127,0.009408,0.003136,0.009408,0.003136,0.009408,0.003136,0.009408,0.003136
210,8705.52,1.6732,1.81007,1.34884,0.48316,0.34831,0.31893,0.20531,2.10338,2.32934,1.39168,0.009309,0.003103,0.009309,0.003103,0.009309,0.003103,0.009309,0.003103
211,8746.37,1.6824,1.81679,1.35239,0.48394,0.34878,0.31978,0.20552,2.10314,2.32891,1.39133,0.00921,0.00307,0.00921,0.00307,0.00921,0.00307,0.00921,0.00307
212,8788.08,1.68607,1.82873,1.34982,0.48167,0.34967,0.31898,0.20577,2.10317,2.32876,1.39129,0.009111,0.003037,0.009111,0.003037,0.009111,0.003037,0.009111,0.003037
213,8828.98,1.6842,1.83747,1.36336,0.481,0.34991,0.31985,0.20545,2.10434,2.32905,1.39161,0.009012,0.003004,0.009012,0.003004,0.009012,0.003004,0.009012,0.003004
214,8869.89,1.66307,1.79427,1.34911,0.46063,0.34904,0.31891,0.20549,2.10341,2.32909,1.39127,0.008913,0.002971,0.008913,0.002971,0.008913,0.002971,0.008913,0.002971
215,8912.23,1.68126,1.80282,1.3397,0.42937,0.35016,0.31962,0.2054,2.10316,2.32637,1.39086,0.008814,0.002938,0.008814,0.002938,0.008814,0.002938,0.008814,0.002938
216,8953.13,1.66599,1.81698,1.35,0.40903,0.35036,0.31968,0.20525,2.10359,2.32678,1.39161,0.008715,0.002905,0.008715,0.002905,0.008715,0.002905,0.008715,0.002905
217,8993.75,1.65903,1.78075,1.34463,0.41195,0.35036,0.31988,0.20506,2.10454,2.32752,1.39144,0.008616,0.002872,0.008616,0.002872,0.008616,0.002872,0.008616,0.002872
218,9035.03,1.67098,1.77976,1.33778,0.42023,0.35019,0.31994,0.20528,2.1038,2.32574,1.39115,0.008517,0.002839,0.008517,0.002839,0.008517,0.002839,0.008517,0.002839
219,9076.45,1.66404,1.77957,1.32588,0.39558,0.34943,0.31906,0.20527,2.10493,2.32603,1.39172,0.008418,0.002806,0.008418,0.002806,0.008418,0.002806,0.008418,0.002806
220,9117.91,1.67132,1.80506,1.33342,0.39917,0.34986,0.31919,0.20544,2.10459,2.32497,1.39074,0.008319,0.002773,0.008319,0.002773,0.008319,0.002773,0.008319,0.002773
221,9159.09,1.65563,1.77997,1.33681,0.39655,0.34964,0.31907,0.20519,2.10507,2.32664,1.39087,0.00822,0.00274,0.00822,0.00274,0.00822,0.00274,0.00822,0.00274
222,9200.24,1.65236,1.77019,1.33261,0.39517,0.35019,0.3189,0.20512,2.10476,2.32556,1.39047,0.008121,0.002707,0.008121,0.002707,0.008121,0.002707,0.008121,0.002707
223,9241.26,1.64954,1.76682,1.33161,0.39813,0.3489,0.31895,0.20535,2.10389,2.3211,1.39054,0.008022,0.002674,0.008022,0.002674,0.008022,0.002674,0.008022,0.002674
224,9282.43,1.64941,1.77213,1.34252,0.39551,0.34914,0.3185,0.20555,2.10496,2.32109,1.39129,0.007923,0.002641,0.007923,0.002641,0.007923,0.002641,0.007923,0.002641
225,9323.43,1.62628,1.73851,1.32925,0.39734,0.34791,0.31895,0.20523,2.10565,2.32012,1.39148,0.007824,0.002608,0.007824,0.002608,0.007824,0.002608,0.007824,0.002608
226,9364.6,1.64932,1.75186,1.33513,0.39199,0.34824,0.319,0.20589,2.10622,2.31821,1.39166,0.007725,0.002575,0.007725,0.002575,0.007725,0.002575,0.007725,0.002575
227,9406.27,1.64636,1.76833,1.32867,0.39438,0.34907,0.31958,0.20621,2.10427,2.31613,1.39141,0.007626,0.002542,0.007626,0.002542,0.007626,0.002542,0.007626,0.002542
228,9447.41,1.63456,1.74455,1.32648,0.38892,0.34872,0.3198,0.20632,2.1054,2.31632,1.39213,0.007527,0.002509,0.007527,0.002509,0.007527,0.002509,0.007527,0.002509
229,9487.94,1.65473,1.7437,1.32866,0.41127,0.35028,0.32,0.20581,2.1048,2.31361,1.39146,0.007428,0.002476,0.007428,0.002476,0.007428,0.002476,0.007428,0.002476
230,9529.58,1.66408,1.7548,1.32881,0.41767,0.35087,0.31949,0.20627,2.1065,2.31456,1.39259,0.007329,0.002443,0.007329,0.002443,0.007329,0.002443,0.007329,0.002443
231,9571.46,1.61571,1.73365,1.32579,0.41115,0.34992,0.31877,0.20691,2.10538,2.31519,1.39261,0.00723,0.00241,0.00723,0.00241,0.00723,0.00241,0.00723,0.00241
232,9612.79,1.65025,1.71982,1.31454,0.41318,0.35031,0.31981,0.20689,2.10522,2.3132,1.39277,0.007131,0.002377,0.007131,0.002377,0.007131,0.002377,0.007131,0.002377
233,9654.23,1.63435,1.739,1.33253,0.41295,0.35175,0.32056,0.20703,2.10476,2.3109,1.39249,0.007032,0.002344,0.007032,0.002344,0.007032,0.002344,0.007032,0.002344
234,9695,1.61912,1.72794,1.32331,0.42407,0.34812,0.31937,0.20742,2.10603,2.3102,1.39325,0.006933,0.002311,0.006933,0.002311,0.006933,0.002311,0.006933,0.002311
235,9736.18,1.63516,1.72835,1.32812,0.41839,0.34871,0.31958,0.20757,2.1059,2.30948,1.3936,0.006834,0.002278,0.006834,0.002278,0.006834,0.002278,0.006834,0.002278
236,9778.61,1.62879,1.72226,1.32597,0.42771,0.34871,0.31996,0.20761,2.10726,2.30911,1.39367,0.006735,0.002245,0.006735,0.002245,0.006735,0.002245,0.006735,0.002245
237,9818.22,1.61776,1.69775,1.31364,0.42218,0.34828,0.31978,0.20806,2.10731,2.30783,1.3938,0.006636,0.002212,0.006636,0.002212,0.006636,0.002212,0.006636,0.002212
238,9859.6,1.60513,1.69392,1.30178,0.42281,0.34992,0.32027,0.20746,2.10774,2.30671,1.39399,0.006537,0.002179,0.006537,0.002179,0.006537,0.002179,0.006537,0.002179
239,9901.38,1.60562,1.68368,1.30661,0.41991,0.35054,0.32039,0.20745,2.10749,2.3051,1.39383,0.006438,0.002146,0.006438,0.002146,0.006438,0.002146,0.006438,0.002146
240,9942.29,1.62376,1.69338,1.31334,0.41623,0.3513,0.32059,0.20742,2.10802,2.30554,1.39473,0.006339,0.002113,0.006339,0.002113,0.006339,0.002113,0.006339,0.002113
241,9983.59,1.59993,1.66262,1.30293,0.42997,0.35109,0.32074,0.20728,2.10712,2.30271,1.3948,0.00624,0.00208,0.00624,0.00208,0.00624,0.00208,0.00624,0.00208
242,10025.1,1.63454,1.6873,1.31137,0.4152,0.35154,0.32075,0.20722,2.10812,2.30403,1.39532,0.006141,0.002047,0.006141,0.002047,0.006141,0.002047,0.006141,0.002047
243,10066.7,1.59697,1.68869,1.3065,0.41586,0.35183,0.32083,0.20785,2.10544,2.30153,1.39588,0.006042,0.002014,0.006042,0.002014,0.006042,0.002014,0.006042,0.002014
244,10109.3,1.62191,1.6992,1.31813,0.41653,0.35183,0.32122,0.20769,2.10667,2.30031,1.39581,0.005943,0.001981,0.005943,0.001981,0.005943,0.001981,0.005943,0.001981
245,10151.4,1.62762,1.68513,1.30366,0.41939,0.35172,0.32149,0.20782,2.10753,2.29935,1.39608,0.005844,0.001948,0.005844,0.001948,0.005844,0.001948,0.005844,0.001948
246,10193,1.61855,1.675,1.30421,0.4208,0.35116,0.32173,0.20809,2.10722,2.29946,1.39644,0.005745,0.001915,0.005745,0.001915,0.005745,0.001915,0.005745,0.001915
247,10235.5,1.61804,1.6779,1.30065,0.41863,0.35031,0.32071,0.20819,2.10872,2.30036,1.39678,0.005646,0.001882,0.005646,0.001882,0.005646,0.001882,0.005646,0.001882
248,10277.4,1.606,1.66304,1.30317,0.42215,0.35056,0.32081,0.20852,2.10801,2.29704,1.3968,0.005547,0.001849,0.005547,0.001849,0.005547,0.001849,0.005547,0.001849
249,10318.2,1.61568,1.68749,1.31508,0.42179,0.35082,0.32157,0.2088,2.10896,2.29884,1.39691,0.005448,0.001816,0.005448,0.001816,0.005448,0.001816,0.005448,0.001816
250,10360.4,1.59143,1.65448,1.3038,0.41839,0.35133,0.32094,0.20907,2.10967,2.29626,1.39754,0.005349,0.001783,0.005349,0.001783,0.005349,0.001783,0.005349,0.001783
251,10400.7,1.57959,1.63071,1.28585,0.41937,0.35073,0.32064,0.20877,2.11042,2.29721,1.39789,0.00525,0.00175,0.00525,0.00175,0.00525,0.00175,0.00525,0.00175
252,10442.1,1.58058,1.62613,1.2918,0.42517,0.35141,0.32159,0.20981,2.11051,2.2978,1.39857,0.005151,0.001717,0.005151,0.001717,0.005151,0.001717,0.005151,0.001717
253,10484.6,1.60244,1.66983,1.30135,0.42541,0.34783,0.32029,0.20953,2.11163,2.29678,1.39936,0.005052,0.001684,0.005052,0.001684,0.005052,0.001684,0.005052,0.001684
254,10526,1.61033,1.65266,1.30662,0.42442,0.34783,0.31971,0.20973,2.11296,2.29802,1.4,0.004953,0.001651,0.004953,0.001651,0.004953,0.001651,0.004953,0.001651
255,10567.3,1.58021,1.63189,1.28663,0.4267,0.34795,0.32008,0.20938,2.1133,2.29845,1.40016,0.004854,0.001618,0.004854,0.001618,0.004854,0.001618,0.004854,0.001618
256,10609.6,1.58118,1.64305,1.28261,0.41843,0.35017,0.31997,0.20945,2.11353,2.29854,1.40054,0.004755,0.001585,0.004755,0.001585,0.004755,0.001585,0.004755,0.001585
257,10650.6,1.608,1.65001,1.29423,0.41783,0.35027,0.32016,0.20969,2.11391,2.29793,1.40118,0.004656,0.001552,0.004656,0.001552,0.004656,0.001552,0.004656,0.001552
258,10691.5,1.57199,1.61735,1.29087,0.42184,0.34807,0.32023,0.20941,2.11421,2.29714,1.40127,0.004557,0.001519,0.004557,0.001519,0.004557,0.001519,0.004557,0.001519
259,10733.2,1.59927,1.62861,1.29089,0.41813,0.34948,0.32005,0.20977,2.11386,2.29643,1.40156,0.004458,0.001486,0.004458,0.001486,0.004458,0.001486,0.004458,0.001486
260,10774.9,1.58685,1.62987,1.2938,0.41947,0.34932,0.32028,0.21003,2.11395,2.29911,1.4017,0.004359,0.001453,0.004359,0.001453,0.004359,0.001453,0.004359,0.001453
261,10816.8,1.55901,1.60324,1.29802,0.42058,0.3487,0.32068,0.21034,2.11432,2.29853,1.4031,0.00426,0.00142,0.00426,0.00142,0.00426,0.00142,0.00426,0.00142
262,10859,1.57866,1.63014,1.29456,0.42668,0.3492,0.32108,0.21032,2.1151,2.29825,1.40328,0.004161,0.001387,0.004161,0.001387,0.004161,0.001387,0.004161,0.001387
263,10899.5,1.586,1.60121,1.28443,0.42457,0.34832,0.3209,0.21023,2.11575,2.29904,1.40393,0.004062,0.001354,0.004062,0.001354,0.004062,0.001354,0.004062,0.001354
264,10941.9,1.55798,1.61712,1.27755,0.42504,0.34839,0.32066,0.20948,2.11842,2.29868,1.40435,0.003963,0.001321,0.003963,0.001321,0.003963,0.001321,0.003963,0.001321
265,10983.9,1.57742,1.62168,1.27842,0.42595,0.34823,0.3204,0.21,2.11698,2.29919,1.40409,0.003864,0.001288,0.003864,0.001288,0.003864,0.001288,0.003864,0.001288
266,11024.5,1.58412,1.60977,1.28772,0.42301,0.34864,0.32053,0.20975,2.11714,2.29974,1.40442,0.003765,0.001255,0.003765,0.001255,0.003765,0.001255,0.003765,0.001255
267,11066.5,1.55708,1.5857,1.27368,0.42676,0.34795,0.32023,0.20979,2.11864,2.29826,1.40402,0.003666,0.001222,0.003666,0.001222,0.003666,0.001222,0.003666,0.001222
268,11108,1.5548,1.58143,1.27087,0.42634,0.34783,0.32024,0.2099,2.11851,2.29759,1.405,0.003567,0.001189,0.003567,0.001189,0.003567,0.001189,0.003567,0.001189
269,11149.4,1.57533,1.59581,1.2782,0.42627,0.34806,0.32041,0.20999,2.11805,2.29644,1.4049,0.003468,0.001156,0.003468,0.001156,0.003468,0.001156,0.003468,0.001156
270,11190.1,1.55298,1.58315,1.28166,0.42868,0.34836,0.32081,0.21016,2.11771,2.29664,1.40494,0.003369,0.001123,0.003369,0.001123,0.003369,0.001123,0.003369,0.001123
271,11231.5,1.53636,1.53833,1.26509,0.43117,0.34711,0.32049,0.21047,2.11935,2.29628,1.4058,0.00327,0.00109,0.00327,0.00109,0.00327,0.00109,0.00327,0.00109
272,11273.8,1.5329,1.55506,1.27378,0.42924,0.34754,0.32072,0.20998,2.11917,2.29565,1.40593,0.003171,0.001057,0.003171,0.001057,0.003171,0.001057,0.003171,0.001057
273,11316.1,1.54724,1.55919,1.26867,0.42839,0.34876,0.32081,0.21007,2.12121,2.2949,1.40612,0.003072,0.001024,0.003072,0.001024,0.003072,0.001024,0.003072,0.001024
274,11358.1,1.51364,1.52514,1.26001,0.42654,0.3483,0.32055,0.20985,2.122,2.29534,1.40687,0.002973,0.000991,0.002973,0.000991,0.002973,0.000991,0.002973,0.000991
275,11399.4,1.53668,1.55982,1.26751,0.4285,0.34722,0.32048,0.20995,2.12319,2.29511,1.40692,0.002874,0.000958,0.002874,0.000958,0.002874,0.000958,0.002874,0.000958
276,11441.6,1.55479,1.55728,1.27509,0.42719,0.348,0.32048,0.21045,2.11985,2.29372,1.40666,0.002775,0.000925,0.002775,0.000925,0.002775,0.000925,0.002775,0.000925
277,11481.4,1.53947,1.54109,1.26057,0.42738,0.34785,0.32073,0.20977,2.12283,2.29553,1.40727,0.002676,0.000892,0.002676,0.000892,0.002676,0.000892,0.002676,0.000892
278,11522,1.555,1.54657,1.27304,0.42872,0.34711,0.32121,0.21016,2.12205,2.29602,1.40755,0.002577,0.000859,0.002577,0.000859,0.002577,0.000859,0.002577,0.000859
279,11563.5,1.53185,1.55115,1.25776,0.43025,0.34835,0.32083,0.21022,2.12277,2.29514,1.40813,0.002478,0.000826,0.002478,0.000826,0.002478,0.000826,0.002478,0.000826
280,11604.2,1.52632,1.53295,1.25895,0.42758,0.3467,0.32056,0.20989,2.12362,2.29549,1.40856,0.002379,0.000793,0.002379,0.000793,0.002379,0.000793,0.002379,0.000793
281,11645.3,1.53457,1.53421,1.26287,0.43503,0.34646,0.32078,0.21054,2.1239,2.29538,1.4087,0.00228,0.00076,0.00228,0.00076,0.00228,0.00076,0.00228,0.00076
282,11686.7,1.52654,1.51782,1.2527,0.43264,0.34617,0.32052,0.21066,2.12408,2.29553,1.40915,0.002181,0.000727,0.002181,0.000727,0.002181,0.000727,0.002181,0.000727
283,11727.5,1.53524,1.53921,1.25571,0.43243,0.34716,0.32083,0.21063,2.12465,2.295,1.40942,0.002082,0.000694,0.002082,0.000694,0.002082,0.000694,0.002082,0.000694
284,11769.6,1.53995,1.53806,1.25618,0.42994,0.34687,0.32116,0.21091,2.1249,2.29477,1.40952,0.001983,0.000661,0.001983,0.000661,0.001983,0.000661,0.001983,0.000661
285,11812.1,1.52695,1.54091,1.26737,0.42974,0.3473,0.32109,0.21076,2.12545,2.29645,1.41009,0.001884,0.000628,0.001884,0.000628,0.001884,0.000628,0.001884,0.000628
286,11853.2,1.5105,1.52636,1.25128,0.45108,0.34685,0.32057,0.21044,2.1263,2.29711,1.41077,0.001785,0.000595,0.001785,0.000595,0.001785,0.000595,0.001785,0.000595
287,11894.4,1.5024,1.48279,1.24093,0.44945,0.34708,0.32056,0.21098,2.12489,2.29598,1.41077,0.001686,0.000562,0.001686,0.000562,0.001686,0.000562,0.001686,0.000562
288,11936.5,1.52468,1.5097,1.25517,0.44304,0.34657,0.3208,0.2106,2.12495,2.29444,1.4107,0.001587,0.000529,0.001587,0.000529,0.001587,0.000529,0.001587,0.000529
289,11978.1,1.53523,1.53706,1.26228,0.44447,0.34676,0.32017,0.21054,2.12521,2.29481,1.41077,0.001488,0.000496,0.001488,0.000496,0.001488,0.000496,0.001488,0.000496
290,12019.9,1.50631,1.50669,1.24501,0.44527,0.34701,0.32075,0.21048,2.12565,2.29285,1.41076,0.001389,0.000463,0.001389,0.000463,0.001389,0.000463,0.001389,0.000463
291,12085.9,1.51985,1.43353,1.24552,0.45165,0.34624,0.32049,0.21037,2.12439,2.29419,1.41088,0.00129,0.00043,0.00129,0.00043,0.00129,0.00043,0.00129,0.00043
292,12127.3,1.48851,1.40306,1.23676,0.45025,0.346,0.32037,0.21043,2.1263,2.29416,1.41085,0.001191,0.000397,0.001191,0.000397,0.001191,0.000397,0.001191,0.000397
293,12168.1,1.48636,1.39257,1.23459,0.44939,0.34493,0.32042,0.21038,2.12533,2.29423,1.41115,0.001092,0.000364,0.001092,0.000364,0.001092,0.000364,0.001092,0.000364
294,12208,1.50077,1.4081,1.22076,0.45129,0.34416,0.32042,0.2102,2.12553,2.29583,1.4115,0.000993,0.000331,0.000993,0.000331,0.000993,0.000331,0.000993,0.000331
295,12249.4,1.49441,1.39995,1.22944,0.45013,0.34428,0.32036,0.21034,2.12463,2.29509,1.41115,0.000894,0.000298,0.000894,0.000298,0.000894,0.000298,0.000894,0.000298
296,12290.5,1.48309,1.37959,1.22763,0.44691,0.34507,0.32016,0.21054,2.12636,2.29551,1.41154,0.000795,0.000265,0.000795,0.000265,0.000795,0.000265,0.000795,0.000265
297,12330.4,1.47121,1.37814,1.22013,0.44737,0.34425,0.31987,0.2102,2.12772,2.29524,1.41236,0.000696,0.000232,0.000696,0.000232,0.000696,0.000232,0.000696,0.000232
298,12370.5,1.48197,1.37883,1.2271,0.44766,0.34439,0.31993,0.21045,2.12644,2.29465,1.41232,0.000597,0.000199,0.000597,0.000199,0.000597,0.000199,0.000597,0.000199
299,12410.8,1.46091,1.3676,1.2082,0.44941,0.34392,0.31973,0.21019,2.12769,2.29515,1.41265,0.000498,0.000166,0.000498,0.000166,0.000498,0.000166,0.000498,0.000166
300,12450.5,1.45671,1.35956,1.21285,0.44898,0.34415,0.31977,0.21051,2.12764,2.29562,1.41254,0.000399,0.000133,0.000399,0.000133,0.000399,0.000133,0.000399,0.000133
